{"cameraMode":{"drawMode":0,"name":"Shaded","section":"Shading Mode"},"sceneLighting":false,"audioPlay":false,"sceneViewState":{"showFog":true,"showMaterialUpdate":false,"showSkybox":true,"showFlares":true,"showImageEffects":true,"showParticleSystems":true},"in2DMode":false,"pivot":{"x":405.89996337890627,"y":223.1999969482422,"z":0.0},"rotation":{"x":0.13153190910816194,"y":-0.03567913547158241,"z":0.004737191367894411,"w":0.9906595945358276},"size":207.2967529296875,"orthographic":true}